Workbook

Sheet Alle Bauteile
A1: Alle Bauteile ProBoter
A3: Teil | B3: Shop / Fertigung | C3: Menge | D3: Einzelpreis inkl. MwSt. (€) | E3: Gesamt inkl. MwSt. (€) | F3: je Probe | G3: Link | H3: Status
A5: Gestell (einmalig)
A6: Gelenkfuß M6x20, Teller 40mm mit Ant-Slip-Platte | B6: DOLD | C6: 4 | D6: 1.83 | E6: =IF(AND(ISNUMBER(C6),ISNUMBER(D6)),C6*D6,0) -> 7.32 | G6: https://www.dold-mechatronik.de/Gelenkfuss-Reihe-10-PA-Gewindestange-mit-Kugel-10mm-M6x20-Schluesselweite-10-Teller-40mm-mit-Anti-Slip-Platte-40-d385 | H6: =IF('zu bestellen'!F14="","",'zu bestellen'!F14) -> identifiziert
A7: Winkel 30 I-Typ inkl. Befestigungssatz | B7: DOLD | C7: 22 | D7: 1.91 | E7: =IF(AND(ISNUMBER(C7),ISNUMBER(D7)),C7*D7,0) -> 42.02 | G7: https://www.dold-mechatronik.de/Winkel-30-I-Typ-Nut-6-inkl-Befestigungssatz-und-Abdeckkappe | H7: =IF('zu bestellen'!F15="","",'zu bestellen'!F15) -> identifiziert
A8: Bügelgriff 100mm mit Befestigungsbohrungen | B8: DOLD | C8: 1 | D8: 8.51 | E8: =IF(AND(ISNUMBER(C8),ISNUMBER(D8)),C8*D8,0) -> 8.51 | G8: https://www.dold-mechatronik.de/Buegelgriff-100mm-mit-Befestigungsbohrungen | H8: =IF('zu bestellen'!F16="","",'zu bestellen'!F16) -> identifiziert
A9: Teleskopschienen Vollauszug 45 kg, 350 mm (1 Paar), DOLD HS-4613-350 | B9: DOLD | C9: 1 | D9: 10.84 | E9: =IF(AND(ISNUMBER(C9),ISNUMBER(D9)),C9*D9,0) -> 10.84 | G9: https://www.dold-mechatronik.de/Vollauszug-45kg-350mm-(1-Paar-Teleskopschienen) | H9: =IF('zu bestellen'!F17="","",'zu bestellen'!F17) -> identifiziert
A10: Aluprofil I-Typ 80x16S Nut 8, 650 mm (Energieketten-Halter) | B10: DOLD | C10: 2 | D10: =0.65*28+0.5 -> 18.7 | E10: =IF(AND(ISNUMBER(C10),ISNUMBER(D10)),C10*D10,0) -> 37.4 | G10: https://www.dold-mechatronik.de/Aluminiumprofil-80x16S-I-Typ-Nut-8-schwer-22kg-m-Zuschnitt-50-6000mm | H10: =IF('zu bestellen'!F18="","",'zu bestellen'!F18) -> identifiziert
A11: Aluprofil I-Typ 30x60x650 | B11: DOLD | C11: 2 | D11: 11.35 | E11: =IF(AND(ISNUMBER(C11),ISNUMBER(D11)),C11*D11,0) -> 22.7 | G11: https://www.dold-mechatronik.de/Aluminiumprofil-30x60L-I-Typ-Nut-6-ZUSCHNITT-bis-1200-mm-1700-EUR-m-030-EUR-pro-Schnitt | H11: =IF('zu bestellen'!F19="","",'zu bestellen'!F19) -> identifiziert
A12: Aluprofil I-Typ 30x30x350 | B12: DOLD | C12: 10 | D12: 3.23 | E12: =IF(AND(ISNUMBER(C12),ISNUMBER(D12)),C12*D12,0) -> 32.3 | G12: https://www.dold-mechatronik.de/Aluminiumprofil-30x30L-I-Typ-Nut-6-ZUSCHNITT-bis-1200-mm-850-EUR-m-025-EUR-pro-Schnitt | H12: =IF('zu bestellen'!F20="","",'zu bestellen'!F20) -> identifiziert
A13: Aluprofil I-Typ 30x30x590 | B13: DOLD | C13: 3 | D13: 5.27 | E13: =IF(AND(ISNUMBER(C13),ISNUMBER(D13)),C13*D13,0) -> 15.81 | G13: https://www.dold-mechatronik.de/Aluminiumprofil-30x30L-I-Typ-Nut-6-ZUSCHNITT-bis-1200-mm-850-EUR-m-025-EUR-pro-Schnitt | H13: =IF('zu bestellen'!F21="","",'zu bestellen'!F21) -> identifiziert
A14: Aluprofil I-Typ 30x30x564 | B14: DOLD | C14: 2 | D14: 5.04 | E14: =IF(AND(ISNUMBER(C14),ISNUMBER(D14)),C14*D14,0) -> 10.08 | G14: https://www.dold-mechatronik.de/Aluminiumprofil-30x30L-I-Typ-Nut-6-ZUSCHNITT-bis-1200-mm-850-EUR-m-025-EUR-pro-Schnitt | H14: =IF('zu bestellen'!F22="","",'zu bestellen'!F22) -> identifiziert
A15: Schubladenplatte | B15: Werkstatt | C15: 1 | D15: 10 | E15: =IF(AND(ISNUMBER(C15),ISNUMBER(D15)),C15*D15,0) -> 10 | G15: siehe Blatt „zu fertigen“ | H15: =IF('zu fertigen'!F56="","",'zu fertigen'!F56) -> identifiziert
A16: Motorplatte, Stahl gelasert, 5mm | B16: Werkstatt | C16: 2 | D16: 80 | E16: =IF(AND(ISNUMBER(C16),ISNUMBER(D16)),C16*D16,0) -> 160 | G16: siehe Blatt „zu fertigen“ | H16: =IF('zu fertigen'!F57="","",'zu fertigen'!F57) -> identifiziert
A17: Profilschienenführung, MR12, 600mm, Edelstahl | B17: DOLD | C17: 2 | D17: 82.2 | E17: =IF(AND(ISNUMBER(C17),ISNUMBER(D17)),C17*D17,0) -> 164.4 | G17: https://www.dold-mechatronik.de/Linearfuehrung-MR-12-M-Edelstahl-600mm | H17: =IF('zu bestellen'!F23="","",'zu bestellen'!F23) -> identifiziert
A18: Übersichtskamera ELP 8MP USB-Kameramodul IMX179, 75° ohne Verzerrung | B18: Amazon | C18: 1 | D18: 63 | E18: =IF(AND(ISNUMBER(C18),ISNUMBER(D18)),C18*D18,0) -> 63 | G18: https://www.amazon.de/dp/B07FXBW81G | H18: =IF('zu bestellen'!F6="","",'zu bestellen'!F6) -> identifiziert
A19: Teller 40 für Gelenkstellfuß Kugel 10 mm, Kunststoff (Ersatz) | B19: DOLD | C19: 1 | D19: 0.53 | E19: =IF(AND(ISNUMBER(C19),ISNUMBER(D19)),C19*D19,0) -> 0.53 | G19: https://www.dold-mechatronik.de/Teller-40-fuer-Gelenkstellfuss-Kugel-10mm-Kunststoff | H19: =IF('zu bestellen'!F24="","",'zu bestellen'!F24) -> identifiziert
A20: Rückwand base_back_plate | B20: Werkstatt | C20: 1 | E20: =IF(AND(ISNUMBER(C20),ISNUMBER(D20)),C20*D20,0) -> 0 | G20: siehe Blatt „zu fertigen“ | H20: =IF('zu fertigen'!F58="","",'zu fertigen'!F58) -> identifiziert
A21: 3D-Druck: base_drag_chain_holder (untere 2 Energieketten-Halter) | B21: 3D-Druck (eigen) | C21: 2 | E21: =IF(AND(ISNUMBER(C21),ISNUMBER(D21)),C21*D21,0) -> 0 | G21: siehe Blatt „zu fertigen“ | H21: =IF('zu fertigen'!F6="","",'zu fertigen'!F6) -> identifiziert
A22: 3D-Druck: base_plate_adapter_1 | B22: 3D-Druck (eigen) | C22: 2 | E22: =IF(AND(ISNUMBER(C22),ISNUMBER(D22)),C22*D22,0) -> 0 | G22: siehe Blatt „zu fertigen“ | H22: =IF('zu fertigen'!F7="","",'zu fertigen'!F7) -> identifiziert
A23: 3D-Druck: base_plate_adapter_2 | B23: 3D-Druck (eigen) | C23: 2 | E23: =IF(AND(ISNUMBER(C23),ISNUMBER(D23)),C23*D23,0) -> 0 | G23: siehe Blatt „zu fertigen“ | H23: =IF('zu fertigen'!F8="","",'zu fertigen'!F8) -> identifiziert
A24: 3D-Druck: base_plate_adapter_left | B24: 3D-Druck (eigen) | C24: 2 | E24: =IF(AND(ISNUMBER(C24),ISNUMBER(D24)),C24*D24,0) -> 0 | G24: siehe Blatt „zu fertigen“ | H24: =IF('zu fertigen'!F9="","",'zu fertigen'!F9) -> identifiziert
A25: 3D-Druck: base_plate_adapter_right | B25: 3D-Druck (eigen) | C25: 2 | E25: =IF(AND(ISNUMBER(C25),ISNUMBER(D25)),C25*D25,0) -> 0 | G25: siehe Blatt „zu fertigen“ | H25: =IF('zu fertigen'!F10="","",'zu fertigen'!F10) -> identifiziert
A26: 3D-Druck: base_cable_holder_m3_flat | B26: 3D-Druck (eigen) | C26: 2 | E26: =IF(AND(ISNUMBER(C26),ISNUMBER(D26)),C26*D26,0) -> 0 | G26: siehe Blatt „zu fertigen“ | H26: =IF('zu fertigen'!F11="","",'zu fertigen'!F11) -> identifiziert
A27: 3D-Druck: base_cable_holder_m4 | B27: 3D-Druck (eigen) | C27: 1 | E27: =IF(AND(ISNUMBER(C27),ISNUMBER(D27)),C27*D27,0) -> 0 | G27: siehe Blatt „zu fertigen“ | H27: =IF('zu fertigen'!F12="","",'zu fertigen'!F12) -> identifiziert
A28: 3D-Druck: base_cable_holder_m5_flat | B28: 3D-Druck (eigen) | C28: 4 | E28: =IF(AND(ISNUMBER(C28),ISNUMBER(D28)),C28*D28,0) -> 0 | G28: siehe Blatt „zu fertigen“ | H28: =IF('zu fertigen'!F13="","",'zu fertigen'!F13) -> identifiziert
A29: 3D-Druck: cable_cover | B29: 3D-Druck (eigen) | C29: 4 | E29: =IF(AND(ISNUMBER(C29),ISNUMBER(D29)),C29*D29,0) -> 0 | G29: siehe Blatt „zu fertigen“ | H29: =IF('zu fertigen'!F14="","",'zu fertigen'!F14) -> identifiziert
A30: 3D-Druck: camera_holder (Übersichtskamera) | B30: 3D-Druck (eigen) | C30: 1 | E30: =IF(AND(ISNUMBER(C30),ISNUMBER(D30)),C30*D30,0) -> 0 | G30: siehe Blatt „zu fertigen“ | H30: =IF('zu fertigen'!F15="","",'zu fertigen'!F15) -> identifiziert
A31: 3D-Druck: camera_holder_top | B31: 3D-Druck (eigen) | C31: 1 | E31: =IF(AND(ISNUMBER(C31),ISNUMBER(D31)),C31*D31,0) -> 0 | G31: siehe Blatt „zu fertigen“ | H31: =IF('zu fertigen'!F16="","",'zu fertigen'!F16) -> identifiziert
A32: 3D-Druck: pcb_holder_glider (PCB-Halter) | B32: 3D-Druck (eigen) | C32: 4 | E32: =IF(AND(ISNUMBER(C32),ISNUMBER(D32)),C32*D32,0) -> 0 | G32: siehe Blatt „zu fertigen“ | H32: =IF('zu fertigen'!F17="","",'zu fertigen'!F17) -> identifiziert
... A35: 3D-Druck: pcb_holder_rod_short_round_d10_mirrored | B35: 3D-Druck (eigen) | C35: 2 | E35: =IF(AND(ISNUMBER(C35),ISNUMBER(D35)),C35*D35,0) -> 0 | G35: siehe Blatt „zu fertigen“ | H35: =IF('zu fertigen'!F20="","",'zu fertigen'!F20) -> identifiziert
A37: X-Antrieb (je Probe)
A38: Schrittmotor NEMA 14 – StepperOnline 14HS13-0804S | B38: StepperOnline | C38: 2 | D38: 7.72 | E38: =IF(AND(ISNUMBER(C38),ISNUMBER(D38)),C38*D38,0) -> 15.44 | F38: x | G38: https://www.omc-stepperonline.com/de/nema-14-bipolar-1-8deg-18ncm-25-5oz-in-0-8a-5-74v-35x35x34mm-4-draehte-14hs13-0804s | H38: =IF('zu bestellen'!F73="","",'zu bestellen'!F73) -> identifiziert
A39: Endschalter induktiv M8, LJ8A3-2-Z/BX (NPN, Schließer, 2 mm) | B39: Amazon | C39: 2 | D39: 6.89 | E39: =IF(AND(ISNUMBER(C39),ISNUMBER(D39)),C39*D39,0) -> 13.78 | F39: x | G39: https://www.amazon.de/Induktive-N%C3%A4herungsschalter-LJ8-A3-2-z-BX-Normalerweise/dp/B072Q68493/ | H39: =IF('zu bestellen'!F7="","",'zu bestellen'!F7) -> identifiziert
A40: 3D-Druck: base_nema_14_to_17_adapter (X-Motor) | B40: 3D-Druck (eigen) | C40: 2 | E40: =IF(AND(ISNUMBER(C40),ISNUMBER(D40)),C40*D40,0) -> 0 | F40: x | G40: siehe Blatt „zu fertigen“ | H40: =IF('zu fertigen'!F21="","",'zu fertigen'!F21) -> identifiziert
A41: 3D-Druck: belt_tightener_GT2_base (X-Riemenspanner) | B41: 3D-Druck (eigen) | C41: 2 | E41: =IF(AND(ISNUMBER(C41),ISNUMBER(D41)),C41*D41,0) -> 0 | F41: x | G41: siehe Blatt „zu fertigen“ | H41: =IF('zu fertigen'!F22="","",'zu fertigen'!F22) -> identifiziert
A42: 3D-Druck: belt_tightener_GT2_wing (X-Riemenspanner) | B42: 3D-Druck (eigen) | C42: 2 | E42: =IF(AND(ISNUMBER(C42),ISNUMBER(D42)),C42*D42,0) -> 0 | F42: x | G42: siehe Blatt „zu fertigen“ | H42: =IF('zu fertigen'!F23="","",'zu fertigen'!F23) -> identifiziert
A44: X-Schlitten inkl. Y-Antrieb / Führung (je Probe)
A45: Linearwagen MR12 MN-SS-V0-N (DOLD) | B45: DOLD | C45: 2 | D45: 41.29 | E45: =IF(AND(ISNUMBER(C45),ISNUMBER(D45)),C45*D45,0) -> 37.2 | F45: x | G45: DOLD-Angebot AN2026-104489, Pos. 19/38 (MR12 MN-SS-V0-N-BLOCK) | H45: =IF('zu bestellen'!F63="","",'zu bestellen'!F63) -> identifiziert
A46: Aluprofil 40x16S I-Typ, 436mm | B46: DOLD | C46: 1 | D46: 4.83 | E46: =IF(AND(ISNUMBER(C46),ISNUMBER(D46)),C46*D46,0) -> 4.83 | F46: x | G46: https://www.dold-mechatronik.de/Aluminiumprofil-40x16S-I-Typ-Nut-8-ZUSCHNITT-bis-1200-mm-1050-EUR-m-025-EUR-pro-Schnitt | H46: =IF('zu bestellen'!F25="","",'zu bestellen'!F25) -> identifiziert
A47: Seitenplatten, Stahl, gelasert, 5mm | B47: Werkstatt | C47: 2 | D47: 35 | E47: =IF(AND(ISNUMBER(C47),ISNUMBER(D47)),C47*D47,0) -> 70 | F47: x | G47: siehe Blatt „zu fertigen“ | H47: =IF('zu fertigen'!F59="","",'zu fertigen'!F59) -> identifiziert
A48: Schrittmotor NEMA 14 – StepperOnline 14HS13-0804S | B48: StepperOnline | C48: 1 | D48: 7.72 | E48: =IF(AND(ISNUMBER(C48),ISNUMBER(D48)),C48*D48,0) -> 7.72 | F48: x | G48: https://www.omc-stepperonline.com/de/nema-14-bipolar-1-8deg-18ncm-25-5oz-in-0-8a-5-74v-35x35x34mm-4-draehte-14hs13-0804s | H48: =IF('zu bestellen'!F74="","",'zu bestellen'!F74) -> identifiziert
A49: Wellenhalter Flansch SHF10, D10 | B49: DOLD | C49: 4 | D49: 3.8 | E49: =IF(AND(ISNUMBER(C49),ISNUMBER(D49)),C49*D49,0) -> 15.2 | F49: x | G49: https://www.dold-mechatronik.de/Wellenhalter-Flansch-SHF-Ausfuehrung-waehlbar | H49: =IF('zu bestellen'!F26="","",'zu bestellen'!F26) -> identifiziert
A50: Präzisionswelle D10, 450mm mit M6 Gewinde | B50: DOLD | C50: 2 | D50: 8.7 | E50: =IF(AND(ISNUMBER(C50),ISNUMBER(D50)),C50*D50,0) -> 17.4 | F50: x | G50: https://www.dold-mechatronik.de/Praezisionswelle-10mm-h6-geschliffen-gehaertet-450mm-mit-Gewindebohrungen-M5x20 | H50: =IF('zu bestellen'!F27="","",'zu bestellen'!F27) -> identifiziert
A51: Endschalter induktiv M8, LJ8A3-2-Z/BX (NPN, Schließer, 2 mm) | B51: Amazon | C51: 1 | D51: 6.89 | E51: =IF(AND(ISNUMBER(C51),ISNUMBER(D51)),C51*D51,0) -> 6.89 | F51: x | G51: https://www.amazon.de/Induktive-N%C3%A4herungsschalter-LJ8-A3-2-z-BX-Normalerweise/dp/B072Q68493/ | H51: =IF('zu bestellen'!F8="","",'zu bestellen'!F8) -> identifiziert
A52: 3D-Druck: base_nema_14_to_17_adapter (Y-Motor) | B52: 3D-Druck (eigen) | C52: 1 | E52: =IF(AND(ISNUMBER(C52),ISNUMBER(D52)),C52*D52,0) -> 0 | F52: x | G52: siehe Blatt „zu fertigen“ | H52: =IF('zu fertigen'!F24="","",'zu fertigen'!F24) -> identifiziert
A53: 3D-Druck: belt_tightener_GT2_base (Y-Riemenspanner) | B53: 3D-Druck (eigen) | C53: 1 | E53: =IF(AND(ISNUMBER(C53),ISNUMBER(D53)),C53*D53,0) -> 0 | F53: x | G53: siehe Blatt „zu fertigen“ | H53: =IF('zu fertigen'!F25="","",'zu fertigen'!F25) -> identifiziert
A54: 3D-Druck: belt_tightener_GT2_wing (Y-Riemenspanner) | B54: 3D-Druck (eigen) | C54: 1 | E54: =IF(AND(ISNUMBER(C54),ISNUMBER(D54)),C54*D54,0) -> 0 | F54: x | G54: siehe Blatt „zu fertigen“ | H54: =IF('zu fertigen'!F26="","",'zu fertigen'!F26) -> identifiziert
A55: 3D-Druck: x_belt_holder | B55: 3D-Druck (eigen) | C55: 1 | E55: =IF(AND(ISNUMBER(C55),ISNUMBER(D55)),C55*D55,0) -> 0 | F55: x | G55: siehe Blatt „zu fertigen“ | H55: =IF('zu fertigen'!F27="","",'zu fertigen'!F27) -> identifiziert
A56: 3D-Druck: x_belt_holder_1 | B56: 3D-Druck (eigen) | C56: 3 | E56: =IF(AND(ISNUMBER(C56),ISNUMBER(D56)),C56*D56,0) -> 0 | F56: x | G56: siehe Blatt „zu fertigen“ | H56: =IF('zu fertigen'!F28="","",'zu fertigen'!F28) -> identifiziert
A57: 3D-Druck: x_drag_chain_adapter | B57: 3D-Druck (eigen) | C57: 2 | E57: =IF(AND(ISNUMBER(C57),ISNUMBER(D57)),C57*D57,0) -> 0 | F57: x | G57: siehe Blatt „zu fertigen“ | H57: =IF('zu fertigen'!F29="","",'zu fertigen'!F29) -> identifiziert
A58: 3D-Druck: x_end_stop_holder_side_short | B58: 3D-Druck (eigen) | C58: 1 | E58: =IF(AND(ISNUMBER(C58),ISNUMBER(D58)),C58*D58,0) -> 0 | F58: x | G58: siehe Blatt „zu fertigen“ | H58: =IF('zu fertigen'!F30="","",'zu fertigen'!F30) -> identifiziert
A59: 3D-Druck: x_end_stop_holder_top_long | B59: 3D-Druck (eigen) | C59: 1 | E59: =IF(AND(ISNUMBER(C59),ISNUMBER(D59)),C59*D59,0) -> 0 | F59: x | G59: siehe Blatt „zu fertigen“ | H59: =IF('zu fertigen'!F31="","",'zu fertigen'!F31) -> identifiziert
A60: 3D-Druck: x_slide_inductive_endstop_adapter | B60: 3D-Druck (eigen) | C60: 1 | E60: =IF(AND(ISNUMBER(C60),ISNUMBER(D60)),C60*D60,0) -> 0 | F60: x | G60: siehe Blatt „zu fertigen“ | H60: =IF('zu fertigen'!F32="","",'zu fertigen'!F32) -> identifiziert
A61: 3D-Druck: x_slide_inductive_endstop_adapter_mirrored | B61: 3D-Druck (eigen) | C61: 1 | E61: =IF(AND(ISNUMBER(C61),ISNUMBER(D61)),C61*D61,0) -> 0 | F61: x | G61: siehe Blatt „zu fertigen“ | H61: =IF('zu fertigen'!F33="","",'zu fertigen'!F33) -> identifiziert
A63: Y-Schlitten mit Z-Antrieb / Führung (je Probe)
A64: Vollkunststoffgleitlager RJMP DryLin igus, D10 | B64: DOLD | C64: 4 | D64: 4.2 | E64: =IF(AND(ISNUMBER(C64),ISNUMBER(D64)),C64*D64,0) -> 16.8 | F64: x | G64: https://www.dold-mechatronik.de/Vollkunststofflager-RJMP-01-10-DryLinZ-von-igusZ | H64: =IF('zu bestellen'!F28="","",'zu bestellen'!F28) -> identifiziert
A65: Sicherungsring Bohrung DIN 472, D22 | B65: DOLD | C65: 4 | D65: 0.15 | E65: =IF(AND(ISNUMBER(C65),ISNUMBER(D65)),C65*D65,0) -> 0.6 | F65: x | G65: https://www.dold-mechatronik.de/DIN-472-Form-I-Sicherungsring-fuer-Bohrungen-Stahl-blank-I22 | H65: =IF('zu bestellen'!F29="","",'zu bestellen'!F29) -> identifiziert
A66: Schrittmotor NEMA 14 – StepperOnline 14HS13-0804S | B66: StepperOnline | C66: 1 | D66: 7.72 | E66: =IF(AND(ISNUMBER(C66),ISNUMBER(D66)),C66*D66,0) -> 7.72 | F66: x | G66: https://www.omc-stepperonline.com/de/nema-14-bipolar-1-8deg-18ncm-25-5oz-in-0-8a-5-74v-35x35x34mm-4-draehte-14hs13-0804s | H66: =IF('zu bestellen'!F75="","",'zu bestellen'!F75) -> identifiziert
A67: Zahnriemenrad GT2 6mm, 16 Zähne, Bohrung 5 mm (X, Y, Z) | B67: DOLD | C67: 4 | D67: 2.9 | E67: =IF(AND(ISNUMBER(C67),ISNUMBER(D67)),C67*D67,0) -> 11.6 | F67: x | G67: https://www.dold-mechatronik.de/Zahnriemenrad-GT2-6mm-breit-16-Zaehne-Bohrung-500mm-H7-mit-Klemmschrauben | H67: =IF('zu bestellen'!F30="","",'zu bestellen'!F30) -> identifiziert
A68: Umlenkrolle GT2 6mm, 16 Zähne, mit Kugellager, Bohrung 3 mm (X, Y, Z) | B68: DOLD | C68: 4 | D68: 3.2 | E68: =IF(AND(ISNUMBER(C68),ISNUMBER(D68)),C68*D68,0) -> 12.8 | F68: x | G68: https://www.dold-mechatronik.de/Umlenkrolle-Zahnriemenrad-mit-Kugellager-GT2-6mm-breit-16-Zaehne-Bohrung-300mm | H68: =IF('zu bestellen'!F31="","",'zu bestellen'!F31) -> identifiziert
A69: Zahnriemen GT2, 6 mm breit, je 1 Meter (X, Y, Z) | B69: DOLD | C69: 5 | D69: 2.5 | E69: =IF(AND(ISNUMBER(C69),ISNUMBER(D69)),C69*D69,0) -> 12.5 | F69: x | G69: https://www.dold-mechatronik.de/Zahnriemen-GT2-Breite-6mm-Laenge-1-Meter | H69: =IF('zu bestellen'!F32="","",'zu bestellen'!F32) -> identifiziert
A70: Linearwagen MR12 MN-SS-V0-N (DOLD) | B70: DOLD | C70: 1 | D70: 41.29 | E70: =IF(AND(ISNUMBER(C70),ISNUMBER(D70)),C70*D70,0) -> 18.6 | F70: x | G70: DOLD-Angebot AN2026-104489, Pos. 19/38 (MR12 MN-SS-V0-N-BLOCK) | H70: =IF('zu bestellen'!F64="","",'zu bestellen'!F64) -> identifiziert
A71: 6 Stück optische Endstops mit Kabel | B71: Amazon | C71: 1 | D71: 10.69 | E71: =IF(AND(ISNUMBER(C71),ISNUMBER(D71)),C71*D71,0) -> 10.69 | F71: x | G71: https://www.amazon.de/gp/product/B07PX8ZFXN/ref=ox_sc_act_title_2?smid=AS8JK4HNTE2NO&psc=1 | H71: =IF('zu bestellen'!F9="","",'zu bestellen'!F9) -> identifiziert
A72: USB-Mikroskop Toolcraft 2 MP, 20–200× (Ø33 × 110 mm) | B72: Voelkner | C72: 1 | D72: 57.41 | E72: =IF(AND(ISNUMBER(C72),ISNUMBER(D72)),C72*D72,0) -> 57.41 | F72: x | G72: https://www.voelkner.de/products/1177903/TOOLCRAFT-USB-Mikroskop-2-Megapixel-Digitale-Vergroesserung-max.-200-x.html | H72: =IF('zu bestellen'!F79="","",'zu bestellen'!F79) -> identifiziert
A73: 3D-Druck: y_slide bzw. y_slide_mirrored (2 Proben normal, 2 gespiegelt) | B73: 3D-Druck (eigen) | C73: 1 | E73: =IF(AND(ISNUMBER(C73),ISNUMBER(D73)),C73*D73,0) -> 0 | F73: x | G73: siehe Blatt „zu fertigen“ | H73: =IF('zu fertigen'!F34="","",'zu fertigen'!F34) -> identifiziert
A74: 3D-Druck: y_slide_top bzw. y_slide_mirrored_top | B74: 3D-Druck (eigen) | C74: 1 | E74: =IF(AND(ISNUMBER(C74),ISNUMBER(D74)),C74*D74,0) -> 0 | F74: x | G74: siehe Blatt „zu fertigen“ | H74: =IF('zu fertigen'!F35="","",'zu fertigen'!F35) -> identifiziert
A75: 3D-Druck: y_camera_holder bzw. y_camera_holder_compact | B75: 3D-Druck (eigen) | C75: 1 | E75: =IF(AND(ISNUMBER(C75),ISNUMBER(D75)),C75*D75,0) -> 0 | F75: x | G75: siehe Blatt „zu fertigen“ | H75: =IF('zu fertigen'!F36="","",'zu fertigen'!F36) -> identifiziert
A76: 3D-Druck: y_slide_distance_tube_2mm | B76: 3D-Druck (eigen) | C76: 1 | E76: =IF(AND(ISNUMBER(C76),ISNUMBER(D76)),C76*D76,0) -> 0 | F76: x | G76: siehe Blatt „zu fertigen“ | H76: =IF('zu fertigen'!F37="","",'zu fertigen'!F37) -> identifiziert
A77: 3D-Druck: TR10x2_GT2_belt_adapter | B77: 3D-Druck (eigen) | C77: 1 | E77: =IF(AND(ISNUMBER(C77),ISNUMBER(D77)),C77*D77,0) -> 0 | F77: x | G77: siehe Blatt „zu fertigen“ | H77: =IF('zu fertigen'!F38="","",'zu fertigen'!F38) -> identifiziert
A78: 3D-Druck: TR10x2_GT2_belt_adapter_cover | B78: 3D-Druck (eigen) | C78: 1 | E78: =IF(AND(ISNUMBER(C78),ISNUMBER(D78)),C78*D78,0) -> 0 | F78: x | G78: siehe Blatt „zu fertigen“ | H78: =IF('zu fertigen'!F39="","",'zu fertigen'!F39) -> identifiziert
A80: Z-Schlitten (je Probe)
A81: Profilschienenführung, MR12, 150mm, Edelstahl | B81: DOLD | C81: 1 | D81: 20.55 | E81: =IF(AND(ISNUMBER(C81),ISNUMBER(D81)),C81*D81,0) -> 20.55 | F81: x | G81: https://www.dold-mechatronik.de/Linearfuehrung-MR-12-M-Edelstahl-150mm | H81: =IF('zu bestellen'!F33="","",'zu bestellen'!F33) -> identifiziert
A82: Probespitze | C82: 1 | D82: ? | E82: =IF(AND(ISNUMBER(C82),ISNUMBER(D82)),C82*D82,0) -> 0 | F82: x | H82: =IF('zu bestellen'!F88="","",'zu bestellen'!F88)
A83: 3D-Druck: z_probe_tip_pcb_holder bzw. z_probe_tip_pcb_holder_long | B83: 3D-Druck (eigen) | C83: 1 | E83: =IF(AND(ISNUMBER(C83),ISNUMBER(D83)),C83*D83,0) -> 0 | F83: x | G83: siehe Blatt „zu fertigen“ | H83: =IF('zu fertigen'!F40="","",'zu fertigen'!F40) -> identifiziert
A84: 3D-Druck: z_slide_end_stop_trigger bzw. _mirrored | B84: 3D-Druck (eigen) | C84: 1 | E84: =IF(AND(ISNUMBER(C84),ISNUMBER(D84)),C84*D84,0) -> 0 | F84: x | G84: siehe Blatt „zu fertigen“ | H84: =IF('zu fertigen'!F41="","",'zu fertigen'!F41) -> identifiziert
A85: 3D-Druck: z_slide_cable_holder | B85: 3D-Druck (eigen) | C85: 1 | E85: =IF(AND(ISNUMBER(C85),ISNUMBER(D85)),C85*D85,0) -> 0 | F85: x | G85: siehe Blatt „zu fertigen“ | H85: =IF('zu fertigen'!F42="","",'zu fertigen'!F42) -> identifiziert
A86: 3D-Druck: z_drive_belt_holder_v3 | B86: 3D-Druck (eigen) | C86: 1 | E86: =IF(AND(ISNUMBER(C86),ISNUMBER(D86)),C86*D86,0) -> 0 | F86: x | G86: siehe Blatt „zu fertigen“ | H86: =IF('zu fertigen'!F43="","",'zu fertigen'!F43) -> identifiziert
A88: Elektronik
A89: BIGTREETECH SKR V1.4 Turbo Mainboard (ohne Schrittmotortreiber) | B89: Roboter-Bausatz | C89: 1 | D89: 49.95 | E89: =IF(AND(ISNUMBER(C89),ISNUMBER(D89)),C89*D89,0) -> 49.95 | F89: x | G89: https://www.roboter-bausatz.de/p/btt-skr-1.4-turbo-32-bit-mainboard | H89: =IF('zu bestellen'!F68="","",'zu bestellen'!F68) -> identifiziert
A90: BTT TMC2130 V3.0 SPI Schrittmotortreiber | B90: Roboter-Bausatz | C90: 4 | D90: 13.65 | E90: =IF(AND(ISNUMBER(C90),ISNUMBER(D90)),C90*D90,0) -> 54.6 | F90: x | G90: https://www.roboter-bausatz.de/p/btt-tmc2130-v3.0-spi-schrittmotortreiber | H90: =IF('zu bestellen'!F69="","",'zu bestellen'!F69) -> identifiziert
A91: Schaltnetzteil Mean Well SDR-240-24, Hutschiene, 24 V / 10 A / 240 W | B91: DOLD | C91: 1 | D91: 84.79 | E91: =IF(AND(ISNUMBER(C91),ISNUMBER(D91)),C91*D91,0) -> 84.79 | G91: https://www.dold-mechatronik.de/Switching-power-supply-DIN-rail-240-W-24-V-10-A | H91: =IF('zu bestellen'!F34="","",'zu bestellen'!F34) -> identifiziert
A92: Schukokabel | E92: =IF(AND(ISNUMBER(C92),ISNUMBER(D92)),C92*D92,0) -> 0 | F92: x | H92: =IF('zu bestellen'!F89="","",'zu bestellen'!F89)
A93: Kabel Probe | E93: =IF(AND(ISNUMBER(C93),ISNUMBER(D93)),C93*D93,0) -> 0 | F93: x | H93: =IF('zu bestellen'!F90="","",'zu bestellen'!F90)
A94: Gehäuse für Elektronik | E94: =IF(AND(ISNUMBER(C94),ISNUMBER(D94)),C94*D94,0) -> 0 | H94: =IF('zu bestellen'!F91="","",'zu bestellen'!F91)
A95: Energiekette igus E2i.10.20.028.0 (X), 14 Glieder = 0,28 m, inkl. Anschlussset E2.100.20.34PZ.A2 | B95: igus | C95: 2 | D95: =(14*0.49+6.48)*1.19 -> 15.8746 | E95: =IF(AND(ISNUMBER(C95),ISNUMBER(D95)),C95*D95,0) -> 31.7492 | F95: x | G95: https://www.igus.de/product/series-E2i-10?artnr=E2I.10.20.028.0 | H95: =IF('zu bestellen'!F83="","",'zu bestellen'!F83) -> identifiziert
A96: Energiekette igus E2i.10.10.028.0 (Y), 12 Glieder = 0,24 m, inkl. Anschlussset E2.100.10.34PZ.A2 | B96: igus | C96: 2 | D96: =(12*0.47+6.2)*1.19 -> 14.0896 | E96: =IF(AND(ISNUMBER(C96),ISNUMBER(D96)),C96*D96,0) -> 28.1792 | F96: x | G96: https://www.igus.de/product/series-E2i-10?artnr=E2i.10.10.028.0 | H96: =IF('zu bestellen'!F84="","",'zu bestellen'!F84) -> identifiziert
A97: Kabel für Endschalter | E97: =IF(AND(ISNUMBER(C97),ISNUMBER(D97)),C97*D97,0) -> 0 | F97: x | H97: =IF('zu bestellen'!F92="","",'zu bestellen'!F92)
A98: Motorkabel | E98: =IF(AND(ISNUMBER(C98),ISNUMBER(D98)),C98*D98,0) -> 0 | F98: x | H98: =IF('zu bestellen'!F93="","",'zu bestellen'!F93)
A99: USB-Hub | B99: Amazon | C99: 1 | D99: 9.99 | E99: =IF(AND(ISNUMBER(C99),ISNUMBER(D99)),C99*D99,0) -> 9.99 | G99: https://www.amazon.de/Anker-Datenhub-Ultrabooks-weiteren-kompatiblen/dp/B00Y211AFM/ | H99: =IF('zu bestellen'!F10="","",'zu bestellen'!F10) -> identifiziert
A100: Multiplexerboard (signal-multiplexer, Gerber 1.1) | B100: JLCPCB | C100: 1 | E100: =IF(AND(ISNUMBER(C100),ISNUMBER(D100)),C100*D100,0) -> 0 | G100: siehe Blatt „zu fertigen“ | H100: =IF('zu fertigen'!F64="","",'zu fertigen'!F64) -> identifiziert
A101: Probing-Board (probe_tip_pcb) | B101: JLCPCB | C101: 1 | E101: =IF(AND(ISNUMBER(C101),ISNUMBER(D101)),C101*D101,0) -> 0 | F101: x | G101: siehe Blatt „zu fertigen“ | H101: =IF('zu fertigen'!F65="","",'zu fertigen'!F65) -> identifiziert
A102: 3D-Druck: signal_multiplexer_holder | B102: 3D-Druck (eigen) | C102: 1 | E102: =IF(AND(ISNUMBER(C102),ISNUMBER(D102)),C102*D102,0) -> 0 | G102: siehe Blatt „zu fertigen“ | H102: =IF('zu fertigen'!F44="","",'zu fertigen'!F44) -> identifiziert
A103: 3D-Druck: power_switch_holder | B103: 3D-Druck (eigen) | C103: 1 | E103: =IF(AND(ISNUMBER(C103),ISNUMBER(D103)),C103*D103,0) -> 0 | G103: siehe Blatt „zu fertigen“ | H103: =IF('zu fertigen'!F45="","",'zu fertigen'!F45) -> identifiziert
A104: 3D-Druck: target_power_switch (Gehäuse) | B104: 3D-Druck (eigen) | C104: 1 | E104: =IF(AND(ISNUMBER(C104),ISNUMBER(D104)),C104*D104,0) -> 0 | G104: siehe Blatt „zu fertigen“ | H104: =IF('zu fertigen'!F46="","",'zu fertigen'!F46) -> identifiziert
A105: 3D-Druck: target_power_switch_top | B105: 3D-Druck (eigen) | C105: 1 | E105: =IF(AND(ISNUMBER(C105),ISNUMBER(D105)),C105*D105,0) -> 0 | G105: siehe Blatt „zu fertigen“ | H105: =IF('zu fertigen'!F47="","",'zu fertigen'!F47) -> identifiziert
A106: 3D-Druck: base_raspberry_pi_4_adapter | B106: 3D-Druck (eigen) | C106: 1 | E106: =IF(AND(ISNUMBER(C106),ISNUMBER(D106)),C106*D106,0) -> 0 | G106: siehe Blatt „zu fertigen“ | H106: =IF('zu fertigen'!F48="","",'zu fertigen'!F48) -> identifiziert
A107: 3D-Druck: base_drawer_power_plug_socket | B107: 3D-Druck (eigen) | C107: 1 | E107: =IF(AND(ISNUMBER(C107),ISNUMBER(D107)),C107*D107,0) -> 0 | G107: siehe Blatt „zu fertigen“ | H107: =IF('zu fertigen'!F49="","",'zu fertigen'!F49) -> identifiziert
A108: 3D-Druck: drawer_drag_chain_holder | B108: 3D-Druck (eigen) | C108: 1 | E108: =IF(AND(ISNUMBER(C108),ISNUMBER(D108)),C108*D108,0) -> 0 | G108: siehe Blatt „zu fertigen“ | H108: =IF('zu fertigen'!F50="","",'zu fertigen'!F50) -> identifiziert
A109: 3D-Druck: base_drawer_drag_chain_holder | B109: 3D-Druck (eigen) | C109: 1 | E109: =IF(AND(ISNUMBER(C109),ISNUMBER(D109)),C109*D109,0) -> 0 | G109: siehe Blatt „zu fertigen“ | H109: =IF('zu fertigen'!F51="","",'zu fertigen'!F51) -> identifiziert
...

Sheet zu bestellen
A1: zu bestellen – nach Shop (Mengen für Vollausbau, 4 Proben)
A3: Teil | B3: Menge Vollausbau | C3: Einzelpreis inkl. MwSt. (€) | D3: Gesamt inkl. MwSt. (€) | E3: Link | F3: Status
A5: Amazon
A6: ='Alle Bauteile'!A18 -> Übersichtskamera ELP 8MP USB-Kameramodul IMX179, 75° ohne Verzerrung | B6: =IF('Alle Bauteile'!C18="","",IF('Alle Bauteile'!F18="x",4*'Alle Bauteile'!C18,'Alle Bauteile'!C18)) -> 1 | C6: =IF('Alle Bauteile'!D18="","",'Alle Bauteile'!D18) -> 63 | D6: =IF(AND(ISNUMBER(B6),ISNUMBER(C6)),B6*C6,0) -> 63 | E6: =IF('Alle Bauteile'!G18="","",'Alle Bauteile'!G18) -> https://www.amazon.de/dp/B07FXBW81G | F6: identifiziert
A7: ='Alle Bauteile'!A39 -> Endschalter induktiv M8, LJ8A3-2-Z/BX (NPN, Schließer, 2 mm) | B7: =IF('Alle Bauteile'!C39="","",IF('Alle Bauteile'!F39="x",4*'Alle Bauteile'!C39,'Alle Bauteile'!C39)) -> 8 | C7: =IF('Alle Bauteile'!D39="","",'Alle Bauteile'!D39) -> 6.89 | D7: =IF(AND(ISNUMBER(B7),ISNUMBER(C7)),B7*C7,0) -> 55.12 | E7: =IF('Alle Bauteile'!G39="","",'Alle Bauteile'!G39) -> https://www.amazon.de/Induktive-N%C3%A4herungsschalter-LJ8-A3-2-z-BX-Normalerweise/dp/B072Q68493/ | F7: identifiziert
A8: ='Alle Bauteile'!A51 -> Endschalter induktiv M8, LJ8A3-2-Z/BX (NPN, Schließer, 2 mm) | B8: =IF('Alle Bauteile'!C51="","",IF('Alle Bauteile'!F51="x",4*'Alle Bauteile'!C51,'Alle Bauteile'!C51)) -> 4 | C8: =IF('Alle Bauteile'!D51="","",'Alle Bauteile'!D51) -> 6.89 | D8: =IF(AND(ISNUMBER(B8),ISNUMBER(C8)),B8*C8,0) -> 27.56 | E8: =IF('Alle Bauteile'!G51="","",'Alle Bauteile'!G51) -> https://www.amazon.de/Induktive-N%C3%A4herungsschalter-LJ8-A3-2-z-BX-Normalerweise/dp/B072Q68493/ | F8: identifiziert
A9: ='Alle Bauteile'!A71 -> 6 Stück optische Endstops mit Kabel | B9: =IF('Alle Bauteile'!C71="","",IF('Alle Bauteile'!F71="x",4*'Alle Bauteile'!C71,'Alle Bauteile'!C71)) -> 4 | C9: =IF('Alle Bauteile'!D71="","",'Alle Bauteile'!D71) -> 10.69 | D9: =IF(AND(ISNUMBER(B9),ISNUMBER(C9)),B9*C9,0) -> 42.76 | E9: =IF('Alle Bauteile'!G71="","",'Alle Bauteile'!G71) -> https://www.amazon.de/gp/product/B07PX8ZFXN/ref=ox_sc_act_title_2?smid=AS8JK4HNTE2NO&psc=1 | F9: identifiziert
A10: ='Alle Bauteile'!A99 -> USB-Hub | B10: =IF('Alle Bauteile'!C99="","",IF('Alle Bauteile'!F99="x",4*'Alle Bauteile'!C99,'Alle Bauteile'!C99)) -> 1 | C10: =IF('Alle Bauteile'!D99="","",'Alle Bauteile'!D99) -> 9.99 | D10: =IF(AND(ISNUMBER(B10),ISNUMBER(C10)),B10*C10,0) -> 9.99 | E10: =IF('Alle Bauteile'!G99="","",'Alle Bauteile'!G99) -> https://www.amazon.de/Anker-Datenhub-Ultrabooks-weiteren-kompatiblen/dp/B00Y211AFM/ | F10: identifiziert
A11: Summe Amazon | D11: =SUM(D6:D10) -> 198.43
A13: DOLD
A14: ='Alle Bauteile'!A6 -> Gelenkfuß M6x20, Teller 40mm mit Ant-Slip-Platte | B14: =IF('Alle Bauteile'!C6="","",IF('Alle Bauteile'!F6="x",4*'Alle Bauteile'!C6,'Alle Bauteile'!C6)) -> 4 | C14: =IF('Alle Bauteile'!D6="","",'Alle Bauteile'!D6) -> 1.83 | D14: =IF(AND(ISNUMBER(B14),ISNUMBER(C14)),B14*C14,0) -> 7.32 | E14: =IF('Alle Bauteile'!G6="","",'Alle Bauteile'!G6) -> https://www.dold-mechatronik.de/Gelenkfuss-Reihe-10-PA-Gewindestange-mit-Kugel-10mm-M6x20-Schluesselweite-10-Teller-40mm-mit-Anti-Slip-Platte-40-d385 | F14: identifiziert
A15: ='Alle Bauteile'!A7 -> Winkel 30 I-Typ inkl. Befestigungssatz | B15: =IF('Alle Bauteile'!C7="","",IF('Alle Bauteile'!F7="x",4*'Alle Bauteile'!C7,'Alle Bauteile'!C7)) -> 22 | C15: =IF('Alle Bauteile'!D7="","",'Alle Bauteile'!D7) -> 1.91 | D15: =IF(AND(ISNUMBER(B15),ISNUMBER(C15)),B15*C15,0) -> 42.02 | E15: =IF('Alle Bauteile'!G7="","",'Alle Bauteile'!G7) -> https://www.dold-mechatronik.de/Winkel-30-I-Typ-Nut-6-inkl-Befestigungssatz-und-Abdeckkappe | F15: identifiziert
A16: ='Alle Bauteile'!A8 -> Bügelgriff 100mm mit Befestigungsbohrungen | B16: =IF('Alle Bauteile'!C8="","",IF('Alle Bauteile'!F8="x",4*'Alle Bauteile'!C8,'Alle Bauteile'!C8)) -> 1 | C16: =IF('Alle Bauteile'!D8="","",'Alle Bauteile'!D8) -> 8.51 | D16: =IF(AND(ISNUMBER(B16),ISNUMBER(C16)),B16*C16,0) -> 8.51 | E16: =IF('Alle Bauteile'!G8="","",'Alle Bauteile'!G8) -> https://www.dold-mechatronik.de/Buegelgriff-100mm-mit-Befestigungsbohrungen | F16: identifiziert
A17: ='Alle Bauteile'!A9 -> Teleskopschienen Vollauszug 45 kg, 350 mm (1 Paar), DOLD HS-4613-350 | B17: =IF('Alle Bauteile'!C9="","",IF('Alle Bauteile'!F9="x",4*'Alle Bauteile'!C9,'Alle Bauteile'!C9)) -> 1 | C17: =IF('Alle Bauteile'!D9="","",'Alle Bauteile'!D9) -> 10.84 | D17: =IF(AND(ISNUMBER(B17),ISNUMBER(C17)),B17*C17,0) -> 10.84 | E17: =IF('Alle Bauteile'!G9="","",'Alle Bauteile'!G9) -> https://www.dold-mechatronik.de/Vollauszug-45kg-350mm-(1-Paar-Teleskopschienen) | F17: identifiziert
A18: ='Alle Bauteile'!A10 -> Aluprofil I-Typ 80x16S Nut 8, 650 mm (Energieketten-Halter) | B18: =IF('Alle Bauteile'!C10="","",IF('Alle Bauteile'!F10="x",4*'Alle Bauteile'!C10,'Alle Bauteile'!C10)) -> 2 | C18: =IF('Alle Bauteile'!D10="","",'Alle Bauteile'!D10) -> 18.7 | D18: =IF(AND(ISNUMBER(B18),ISNUMBER(C18)),B18*C18,0) -> 37.4 | E18: =IF('Alle Bauteile'!G10="","",'Alle Bauteile'!G10) -> https://www.dold-mechatronik.de/Aluminiumprofil-80x16S-I-Typ-Nut-8-schwer-22kg-m-Zuschnitt-50-6000mm | F18: identifiziert
A19: ='Alle Bauteile'!A11 -> Aluprofil I-Typ 30x60x650 | B19: =IF('Alle Bauteile'!C11="","",IF('Alle Bauteile'!F11="x",4*'Alle Bauteile'!C11,'Alle Bauteile'!C11)) -> 2 | C19: =IF('Alle Bauteile'!D11="","",'Alle Bauteile'!D11) -> 11.35 | D19: =IF(AND(ISNUMBER(B19),ISNUMBER(C19)),B19*C19,0) -> 22.7 | E19: =IF('Alle Bauteile'!G11="","",'Alle Bauteile'!G11) -> https://www.dold-mechatronik.de/Aluminiumprofil-30x60L-I-Typ-Nut-6-ZUSCHNITT-bis-1200-mm-1700-EUR-m-030-EUR-pro-Schnitt | F19: identifiziert
A20: ='Alle Bauteile'!A12 -> Aluprofil I-Typ 30x30x350 | B20: =IF('Alle Bauteile'!C12="","",IF('Alle Bauteile'!F12="x",4*'Alle Bauteile'!C12,'Alle Bauteile'!C12)) -> 10 | C20: =IF('Alle Bauteile'!D12="","",'Alle Bauteile'!D12) -> 3.23 | D20: =IF(AND(ISNUMBER(B20),ISNUMBER(C20)),B20*C20,0) -> 32.3 | E20: =IF('Alle Bauteile'!G12="","",'Alle Bauteile'!G12) -> https://www.dold-mechatronik.de/Aluminiumprofil-30x30L-I-Typ-Nut-6-ZUSCHNITT-bis-1200-mm-850-EUR-m-025-EUR-pro-Schnitt | F20: identifiziert
A21: ='Alle Bauteile'!A13 -> Aluprofil I-Typ 30x30x590 | B21: =IF('Alle Bauteile'!C13="","",IF('Alle Bauteile'!F13="x",4*'Alle Bauteile'!C13,'Alle Bauteile'!C13)) -> 3 | C21: =IF('Alle Bauteile'!D13="","",'Alle Bauteile'!D13) -> 5.27 | D21: =IF(AND(ISNUMBER(B21),ISNUMBER(C21)),B21*C21,0) -> 15.81 | E21: =IF('Alle Bauteile'!G13="","",'Alle Bauteile'!G13) -> https://www.dold-mechatronik.de/Aluminiumprofil-30x30L-I-Typ-Nut-6-ZUSCHNITT-bis-1200-mm-850-EUR-m-025-EUR-pro-Schnitt | F21: identifiziert
A22: ='Alle Bauteile'!A14 -> Aluprofil I-Typ 30x30x564 | B22: =IF('Alle Bauteile'!C14="","",IF('Alle Bauteile'!F14="x",4*'Alle Bauteile'!C14,'Alle Bauteile'!C14)) -> 2 | C22: =IF('Alle Bauteile'!D14="","",'Alle Bauteile'!D14) -> 5.04 | D22: =IF(AND(ISNUMBER(B22),ISNUMBER(C22)),B22*C22,0) -> 10.08 | E22: =IF('Alle Bauteile'!G14="","",'Alle Bauteile'!G14) -> https://www.dold-mechatronik.de/Aluminiumprofil-30x30L-I-Typ-Nut-6-ZUSCHNITT-bis-1200-mm-850-EUR-m-025-EUR-pro-Schnitt | F22: identifiziert
A23: ='Alle Bauteile'!A17 -> Profilschienenführung, MR12, 600mm, Edelstahl | B23: =IF('Alle Bauteile'!C17="","",IF('Alle Bauteile'!F17="x",4*'Alle Bauteile'!C17,'Alle Bauteile'!C17)) -> 2 | C23: =IF('Alle Bauteile'!D17="","",'Alle Bauteile'!D17) -> 82.2 | D23: =IF(AND(ISNUMBER(B23),ISNUMBER(C23)),B23*C23,0) -> 164.4 | E23: =IF('Alle Bauteile'!G17="","",'Alle Bauteile'!G17) -> https://www.dold-mechatronik.de/Linearfuehrung-MR-12-M-Edelstahl-600mm | F23: identifiziert
A24: ='Alle Bauteile'!A19 -> Teller 40 für Gelenkstellfuß Kugel 10 mm, Kunststoff (Ersatz) | B24: =IF('Alle Bauteile'!C19="","",IF('Alle Bauteile'!F19="x",4*'Alle Bauteile'!C19,'Alle Bauteile'!C19)) -> 1 | C24: =IF('Alle Bauteile'!D19="","",'Alle Bauteile'!D19) -> 0.53 | D24: =IF(AND(ISNUMBER(B24),ISNUMBER(C24)),B24*C24,0) -> 0.53 | E24: =IF('Alle Bauteile'!G19="","",'Alle Bauteile'!G19) -> https://www.dold-mechatronik.de/Teller-40-fuer-Gelenkstellfuss-Kugel-10mm-Kunststoff | F24: identifiziert
A25: ='Alle Bauteile'!A46 -> Aluprofil 40x16S I-Typ, 436mm | B25: =IF('Alle Bauteile'!C46="","",IF('Alle Bauteile'!F46="x",4*'Alle Bauteile'!C46,'Alle Bauteile'!C46)) -> 4 | C25: =IF('Alle Bauteile'!D46="","",'Alle Bauteile'!D46) -> 4.83 | D25: =IF(AND(ISNUMBER(B25),ISNUMBER(C25)),B25*C25,0) -> 19.32 | E25: =IF('Alle Bauteile'!G46="","",'Alle Bauteile'!G46) -> https://www.dold-mechatronik.de/Aluminiumprofil-40x16S-I-Typ-Nut-8-ZUSCHNITT-bis-1200-mm-1050-EUR-m-025-EUR-pro-Schnitt | F25: identifiziert
A26: ='Alle Bauteile'!A49 -> Wellenhalter Flansch SHF10, D10 | B26: =IF('Alle Bauteile'!C49="","",IF('Alle Bauteile'!F49="x",4*'Alle Bauteile'!C49,'Alle Bauteile'!C49)) -> 16 | C26: =IF('Alle Bauteile'!D49="","",'Alle Bauteile'!D49) -> 3.8 | D26: =IF(AND(ISNUMBER(B26),ISNUMBER(C26)),B26*C26,0) -> 60.8 | E26: =IF('Alle Bauteile'!G49="","",'Alle Bauteile'!G49) -> https://www.dold-mechatronik.de/Wellenhalter-Flansch-SHF-Ausfuehrung-waehlbar | F26: identifiziert
A27: ='Alle Bauteile'!A50 -> Präzisionswelle D10, 450mm mit M6 Gewinde | B27: =IF('Alle Bauteile'!C50="","",IF('Alle Bauteile'!F50="x",4*'Alle Bauteile'!C50,'Alle Bauteile'!C50)) -> 8 | C27: =IF('Alle Bauteile'!D50="","",'Alle Bauteile'!D50) -> 8.7 | D27: =IF(AND(ISNUMBER(B27),ISNUMBER(C27)),B27*C27,0) -> 69.6 | E27: =IF('Alle Bauteile'!G50="","",'Alle Bauteile'!G50) -> https://www.dold-mechatronik.de/Praezisionswelle-10mm-h6-geschliffen-gehaertet-450mm-mit-Gewindebohrungen-M5x20 | F27: identifiziert
A28: ='Alle Bauteile'!A64 -> Vollkunststoffgleitlager RJMP DryLin igus, D10 | B28: =IF('Alle Bauteile'!C64="","",IF('Alle Bauteile'!F64="x",4*'Alle Bauteile'!C64,'Alle Bauteile'!C64)) -> 16 | C28: =IF('Alle Bauteile'!D64="","",'Alle Bauteile'!D64) -> 4.2 | D28: =IF(AND(ISNUMBER(B28),ISNUMBER(C28)),B28*C28,0) -> 67.2 | E28: =IF('Alle Bauteile'!G64="","",'Alle Bauteile'!G64) -> https://www.dold-mechatronik.de/Vollkunststofflager-RJMP-01-10-DryLinZ-von-igusZ | F28: identifiziert
A29: ='Alle Bauteile'!A65 -> Sicherungsring Bohrung DIN 472, D22 | B29: =IF('Alle Bauteile'!C65="","",IF('Alle Bauteile'!F65="x",4*'Alle Bauteile'!C65,'Alle Bauteile'!C65)) -> 16 | C29: =IF('Alle Bauteile'!D65="","",'Alle Bauteile'!D65) -> 0.15 | D29: =IF(AND(ISNUMBER(B29),ISNUMBER(C29)),B29*C29,0) -> 2.4 | E29: =IF('Alle Bauteile'!G65="","",'Alle Bauteile'!G65) -> https://www.dold-mechatronik.de/DIN-472-Form-I-Sicherungsring-fuer-Bohrungen-Stahl-blank-I22 | F29: identifiziert
A30: ='Alle Bauteile'!A67 -> Zahnriemenrad GT2 6mm, 16 Zähne, Bohrung 5 mm (X, Y, Z) | B30: =IF('Alle Bauteile'!C67="","",IF('Alle Bauteile'!F67="x",4*'Alle Bauteile'!C67,'Alle Bauteile'!C67)) -> 16 | C30: =IF('Alle Bauteile'!D67="","",'Alle Bauteile'!D67) -> 2.9 | D30: =IF(AND(ISNUMBER(B30),ISNUMBER(C30)),B30*C30,0) -> 46.4 | E30: =IF('Alle Bauteile'!G67="","",'Alle Bauteile'!G67) -> https://www.dold-mechatronik.de/Zahnriemenrad-GT2-6mm-breit-16-Zaehne-Bohrung-500mm-H7-mit-Klemmschrauben | F30: identifiziert
A31: ='Alle Bauteile'!A68 -> Umlenkrolle GT2 6mm, 16 Zähne, mit Kugellager, Bohrung 3 mm (X, Y, Z) | B31: =IF('Alle Bauteile'!C68="","",IF('Alle Bauteile'!F68="x",4*'Alle Bauteile'!C68,'Alle Bauteile'!C68)) -> 16 | C31: =IF('Alle Bauteile'!D68="","",'Alle Bauteile'!D68) -> 3.2 | D31: =IF(AND(ISNUMBER(B31),ISNUMBER(C31)),B31*C31,0) -> 51.2 | E31: =IF('Alle Bauteile'!G68="","",'Alle Bauteile'!G68) -> https://www.dold-mechatronik.de/Umlenkrolle-Zahnriemenrad-mit-Kugellager-GT2-6mm-breit-16-Zaehne-Bohrung-300mm | F31: identifiziert
A32: ='Alle Bauteile'!A69 -> Zahnriemen GT2, 6 mm breit, je 1 Meter (X, Y, Z) | B32: =IF('Alle Bauteile'!C69="","",IF('Alle Bauteile'!F69="x",4*'Alle Bauteile'!C69,'Alle Bauteile'!C69)) -> 20 | C32: =IF('Alle Bauteile'!D69="","",'Alle Bauteile'!D69) -> 2.5 | D32: =IF(AND(ISNUMBER(B32),ISNUMBER(C32)),B32*C32,0) -> 50 | E32: =IF('Alle Bauteile'!G69="","",'Alle Bauteile'!G69) -> https://www.dold-mechatronik.de/Zahnriemen-GT2-Breite-6mm-Laenge-1-Meter | F32: identifiziert
A33: ='Alle Bauteile'!A81 -> Profilschienenführung, MR12, 150mm, Edelstahl | B33: =IF('Alle Bauteile'!C81="","",IF('Alle Bauteile'!F81="x",4*'Alle Bauteile'!C81,'Alle Bauteile'!C81)) -> 4 | C33: =IF('Alle Bauteile'!D81="","",'Alle Bauteile'!D81) -> 20.55 | D33: =IF(AND(ISNUMBER(B33),ISNUMBER(C33)),B33*C33,0) -> 82.2 | E33: =IF('Alle Bauteile'!G81="","",'Alle Bauteile'!G81) -> https://www.dold-mechatronik.de/Linearfuehrung-MR-12-M-Edelstahl-150mm | F33: identifiziert
A34: ='Alle Bauteile'!A91 -> Schaltnetzteil Mean Well SDR-240-24, Hutschiene, 24 V / 10 A / 240 W | B34: =IF('Alle Bauteile'!C91="","",IF('Alle Bauteile'!F91="x",4*'Alle Bauteile'!C91,'Alle Bauteile'!C91)) -> 1 | C34: =IF('Alle Bauteile'!D91="","",'Alle Bauteile'!D91) -> 84.79 | D34: =IF(AND(ISNUMBER(B34),ISNUMBER(C34)),B34*C34,0) -> 84.79 | E34: =IF('Alle Bauteile'!G91="","",'Alle Bauteile'!G91) -> https://www.dold-mechatronik.de/Switching-power-supply-DIN-rail-240-W-24-V-10-A | F34: identifiziert
A35: ='Alle Bauteile'!A116 -> DIN 912 (ISO 4762) Zylinderschraube M3x8, A2 | B35: =IF('Alle Bauteile'!C116="","",IF('Alle Bauteile'!F116="x",4*'Alle Bauteile'!C116,'Alle Bauteile'!C116)) -> 58 | C35: =IF('Alle Bauteile'!D116="","",'Alle Bauteile'!D116) | D35: =IF(AND(ISNUMBER(B35),ISNUMBER(C35)),B35*C35,0) -> 0 | E35: =IF('Alle Bauteile'!G116="","",'Alle Bauteile'!G116) -> https://www.dold-mechatronik.de/DIN-912-Zylinderschraube-mit-Innensechskant,-Edelstahl-A2 | F35: identifiziert
A36: ='Alle Bauteile'!A117 -> DIN 912 (ISO 4762) Zylinderschraube M3x10, A2 | B36: =IF('Alle Bauteile'!C117="","",IF('Alle Bauteile'!F117="x",4*'Alle Bauteile'!C117,'Alle Bauteile'!C117)) -> 66 | C36: =IF('Alle Bauteile'!D117="","",'Alle Bauteile'!D117) | D36: =IF(AND(ISNUMBER(B36),ISNUMBER(C36)),B36*C36,0) -> 0 | E36: =IF('Alle Bauteile'!G117="","",'Alle Bauteile'!G117) -> https://www.dold-mechatronik.de/DIN-912-Zylinderschraube-mit-Innensechskant,-Edelstahl-A2 | F36: identifiziert
A37: ='Alle Bauteile'!A118 -> DIN 912 (ISO 4762) Zylinderschraube M3x12, A2 | B37: =IF('Alle Bauteile'!C118="","",IF('Alle Bauteile'!F118="x",4*'Alle Bauteile'!C118,'Alle Bauteile'!C118)) -> 10 | C37: =IF('Alle Bauteile'!D118="","",'Alle Bauteile'!D118) | D37: =IF(AND(ISNUMBER(B37),ISNUMBER(C37)),B37*C37,0) -> 0 | E37: =IF('Alle Bauteile'!G118="","",'Alle Bauteile'!G118) -> https://www.dold-mechatronik.de/DIN-912-Zylinderschraube-mit-Innensechskant,-Edelstahl-A2 | F37: identifiziert
A38: ='Alle Bauteile'!A119 -> DIN 912 (ISO 4762) Zylinderschraube M3x14, A2 | B38: =IF('Alle Bauteile'!C119="","",IF('Alle Bauteile'!F119="x",4*'Alle Bauteile'!C119,'Alle Bauteile'!C119)) -> 6 | C38: =IF('Alle Bauteile'!D119="","",'Alle Bauteile'!D119) | D38: =IF(AND(ISNUMBER(B38),ISNUMBER(C38)),B38*C38,0) -> 0 | E38: =IF('Alle Bauteile'!G119="","",'Alle Bauteile'!G119) -> https://www.dold-mechatronik.de/DIN-912-Zylinderschraube-mit-Innensechskant,-Edelstahl-A2 | F38: identifiziert
A39: ='Alle Bauteile'!A120 -> DIN 912 (ISO 4762) Zylinderschraube M3x16, A2 | B39: =IF('Alle Bauteile'!C120="","",IF('Alle Bauteile'!F120="x",4*'Alle Bauteile'!C120,'Alle Bauteile'!C120)) -> 22 | C39: =IF('Alle Bauteile'!D120="","",'Alle Bauteile'!D120) | D39: =IF(AND(ISNUMBER(B39),ISNUMBER(C39)),B39*C39,0) -> 0 | E39: =IF('Alle Bauteile'!G120="","",'Alle Bauteile'!G120) -> https://www.dold-mechatronik.de/DIN-912-Zylinderschraube-mit-Innensechskant,-Edelstahl-A2 | F39: identifiziert
A40: ='Alle Bauteile'!A121 -> DIN 912 (ISO 4762) Zylinderschraube M3x18, A2 | B40: =IF('Alle Bauteile'!C121="","",IF('Alle Bauteile'!F121="x",4*'Alle Bauteile'!C121,'Alle Bauteile'!C121)) -> 36 | C40: =IF('Alle Bauteile'!D121="","",'Alle Bauteile'!D121) | D40: =IF(AND(ISNUMBER(B40),ISNUMBER(C40)),B40*C40,0) -> 0 | E40: =IF('Alle Bauteile'!G121="","",'Alle Bauteile'!G121) -> https://www.dold-mechatronik.de/DIN-912-Zylinderschraube-mit-Innensechskant,-Edelstahl-A2 | F40: identifiziert
A41: ='Alle Bauteile'!A122 -> DIN 912 (ISO 4762) Zylinderschraube M3x20, A2 | B41: =IF('Alle Bauteile'!C122="","",IF('Alle Bauteile'!F122="x",4*'Alle Bauteile'!C122,'Alle Bauteile'!C122)) -> 6 | C41: =IF('Alle Bauteile'!D122="","",'Alle Bauteile'!D122) | D41: =IF(AND(ISNUMBER(B41),ISNUMBER(C41)),B41*C41,0) -> 0 | E41: =IF('Alle Bauteile'!G122="","",'Alle Bauteile'!G122) -> https://www.dold-mechatronik.de/DIN-912-Zylinderschraube-mit-Innensechskant,-Edelstahl-A2 | F41: identifiziert
A42: ='Alle Bauteile'!A123 -> DIN 912 (ISO 4762) Zylinderschraube M3x30, A2 | B42: =IF('Alle Bauteile'!C123="","",IF('Alle Bauteile'!F123="x",4*'Alle Bauteile'!C123,'Alle Bauteile'!C123)) -> 10 | C42: =IF('Alle Bauteile'!D123="","",'Alle Bauteile'!D123) | D42: =IF(AND(ISNUMBER(B42),ISNUMBER(C42)),B42*C42,0) -> 0 | E42: =IF('Alle Bauteile'!G123="","",'Alle Bauteile'!G123) -> https://www.dold-mechatronik.de/DIN-912-Zylinderschraube-mit-Innensechskant,-Edelstahl-A2 | F42: identifiziert
A43: ='Alle Bauteile'!A124 -> DIN 912 (ISO 4762) Zylinderschraube M4x10, A2 | B43: =IF('Alle Bauteile'!C124="","",IF('Alle Bauteile'!F124="x",4*'Alle Bauteile'!C124,'Alle Bauteile'!C124)) -> 3 | C43: =IF('Alle Bauteile'!D124="","",'Alle Bauteile'!D124) | D43: =IF(AND(ISNUMBER(B43),ISNUMBER(C43)),B43*C43,0) -> 0 | E43: =IF('Alle Bauteile'!G124="","",'Alle Bauteile'!G124) -> https://www.dold-mechatronik.de/DIN-912-Zylinderschraube-mit-Innensechskant,-Edelstahl-A2 | F43: identifiziert
A44: ='Alle Bauteile'!A125 -> DIN 912 (ISO 4762) Zylinderschraube M4x20, A2 | B44: =IF('Alle Bauteile'!C125="","",IF('Alle Bauteile'!F125="x",4*'Alle Bauteile'!C125,'Alle Bauteile'!C125)) -> 14 | C44: =IF('Alle Bauteile'!D125="","",'Alle Bauteile'!D125) | D44: =IF(AND(ISNUMBER(B44),ISNUMBER(C44)),B44*C44,0) -> 0 | E44: =IF('Alle Bauteile'!G125="","",'Alle Bauteile'!G125) -> https://www.dold-mechatronik.de/DIN-912-Zylinderschraube-mit-Innensechskant,-Edelstahl-A2 | F44: identifiziert
A45: ='Alle Bauteile'!A126 -> DIN 912 (ISO 4762) Zylinderschraube M4x30, A2 | B45: =IF('Alle Bauteile'!C126="","",IF('Alle Bauteile'!F126="x",4*'Alle Bauteile'!C126,'Alle Bauteile'!C126)) -> 31 | C45: =IF('Alle Bauteile'!D126="","",'Alle Bauteile'!D126) | D45: =IF(AND(ISNUMBER(B45),ISNUMBER(C45)),B45*C45,0) -> 0 | E45: =IF('Alle Bauteile'!G126="","",'Alle Bauteile'!G126) -> https://www.dold-mechatronik.de/DIN-912-Zylinderschraube-mit-Innensechskant,-Edelstahl-A2 | F45: identifiziert
A46: ='Alle Bauteile'!A127 -> DIN 912 (ISO 4762) Zylinderschraube M5x10, A2 | B46: =IF('Alle Bauteile'!C127="","",IF('Alle Bauteile'!F127="x",4*'Alle Bauteile'!C127,'Alle Bauteile'!C127)) -> 36 | C46: =IF('Alle Bauteile'!D127="","",'Alle Bauteile'!D127) | D46: =IF(AND(ISNUMBER(B46),ISNUMBER(C46)),B46*C46,0) -> 0 | E46: =IF('Alle Bauteile'!G127="","",'Alle Bauteile'!G127) -> https://www.dold-mechatronik.de/DIN-912-Zylinderschraube-mit-Innensechskant,-Edelstahl-A2 | F46: identifiziert
... A56: ='Alle Bauteile'!A137 -> DIN 466 Rändelmutter hoch M4 | B56: =IF('Alle Bauteile'!C137="","",IF('Alle Bauteile'!F137="x",4*'Alle Bauteile'!C137,'Alle Bauteile'!C137)) -> 10 | C56: =IF('Alle Bauteile'!D137="","",'Alle Bauteile'!D137) | D56: =IF(AND(ISNUMBER(B56),ISNUMBER(C56)),B56*C56,0) -> 0 | E56: =IF('Alle Bauteile'!G137="","",'Alle Bauteile'!G137) -> https://www.dold-mechatronik.de/Hohe-Raendelmutter-Material-und-Groesse-waehlbar-NEU | F56: identifiziert
A57: ='Alle Bauteile'!A140 -> Nutenstein Nut6, M5 | B57: =IF('Alle Bauteile'!C140="","",IF('Alle Bauteile'!F140="x",4*'Alle Bauteile'!C140,'Alle Bauteile'!C140)) -> 10 | C57: =IF('Alle Bauteile'!D140="","",'Alle Bauteile'!D140) -> 0.39 | D57: =IF(AND(ISNUMBER(B57),ISNUMBER(C57)),B57*C57,0) -> 3.9 | E57: =IF('Alle Bauteile'!G140="","",'Alle Bauteile'!G140) -> https://www.dold-mechatronik.de/Nutenstein-mit-Steg-I-Typ-Nut-6-Gewindedurchmesser-M5 | F57: identifiziert
A58: ='Alle Bauteile'!A141 -> Nutenstein Nut6, M3 | B58: =IF('Alle Bauteile'!C141="","",IF('Alle Bauteile'!F141="x",4*'Alle Bauteile'!C141,'Alle Bauteile'!C141)) -> 46 | C58: =IF('Alle Bauteile'!D141="","",'Alle Bauteile'!D141) -> 0.39 | D58: =IF(AND(ISNUMBER(B58),ISNUMBER(C58)),B58*C58,0) -> 17.94 | E58: =IF('Alle Bauteile'!G141="","",'Alle Bauteile'!G141) -> https://www.dold-mechatronik.de/Nutenstein-mit-Steg-I-Typ-Nut-6-Gewindedurchmesser-M3 | F58: identifiziert
A59: ='Alle Bauteile'!A142 -> Unterlegscheiben M5 | B59: =IF('Alle Bauteile'!C142="","",IF('Alle Bauteile'!F142="x",4*'Alle Bauteile'!C142,'Alle Bauteile'!C142)) -> 16 | C59: =IF('Alle Bauteile'!D142="","",'Alle Bauteile'!D142) -> 0.15 | D59: =IF(AND(ISNUMBER(B59),ISNUMBER(C59)),B59*C59,0) -> 2.4 | E59: =IF('Alle Bauteile'!G142="","",'Alle Bauteile'!G142) -> https://www.dold-mechatronik.de/DIN-125-Form-A-Unterlegscheibe-Stahl-verzinkt-d53mm-D10mm | F59: identifiziert
A60: Summe DOLD | D60: =SUM(D14:D59) -> 951.17
A62: Motedis
A63: ='Alle Bauteile'!A45 -> Linearwagen MR12 MN-SS-V0-N | B63: =IF('Alle Bauteile'!C45="","",IF('Alle Bauteile'!F45="x",4*'Alle Bauteile'!C45,'Alle Bauteile'!C45)) -> 8 | C63: =IF('Alle Bauteile'!D45="","",'Alle Bauteile'!D45) -> 18.6 | D63: =IF(AND(ISNUMBER(B63),ISNUMBER(C63)),B63*C63,0) -> 148.8 | E63: =IF('Alle Bauteile'!G45="","",'Alle Bauteile'!G45) -> https://www.motedis.com/shop/Dynamik-Lineareinheiten/Profilschienenfuehrungen-fuer-die-Linearbewegung/Profilschienenfuehrungen/Fuehrungswagen-Miniatur-MR12MN-SS-V0-N::6097.html | F63: identifiziert
A64: ='Alle Bauteile'!A70 -> Linearwagen MR12 MN-SS-V0-N | B64: =IF('Alle Bauteile'!C70="","",IF('Alle Bauteile'!F70="x",4*'Alle Bauteile'!C70,'Alle Bauteile'!C70)) -> 4 | C64: =IF('Alle Bauteile'!D70="","",'Alle Bauteile'!D70) -> 18.6 | D64: =IF(AND(ISNUMBER(B64),ISNUMBER(C64)),B64*C64,0) -> 74.4 | E64: =IF('Alle Bauteile'!G70="","",'Alle Bauteile'!G70) -> https://www.motedis.com/shop/Dynamik-Lineareinheiten/Profilschienenfuehrungen-fuer-die-Linearbewegung/Profilschienenfuehrungen/Fuehrungswagen-Miniatur-MR12MN-SS-V0-N::6097.html | F64: identifiziert
A65: Summe Motedis | D65: =SUM(D63:D64) -> 223.2
A67: Roboter-Bausatz
A68: ='Alle Bauteile'!A89 -> BIGTREETECH SKR V1.4 Turbo Mainboard (ohne Schrittmotortreiber) | B68: =IF('Alle Bauteile'!C89="","",IF('Alle Bauteile'!F89="x",4*'Alle Bauteile'!C89,'Alle Bauteile'!C89)) -> 4 | C68: =IF('Alle Bauteile'!D89="","",'Alle Bauteile'!D89) -> 49.95 | D68: =IF(AND(ISNUMBER(B68),ISNUMBER(C68)),B68*C68,0) -> 199.8 | E68: =IF('Alle Bauteile'!G89="","",'Alle Bauteile'!G89) -> https://www.roboter-bausatz.de/p/btt-skr-1.4-turbo-32-bit-mainboard | F68: identifiziert
A69: ='Alle Bauteile'!A90 -> BTT TMC2130 V3.0 SPI Schrittmotortreiber | B69: =IF('Alle Bauteile'!C90="","",IF('Alle Bauteile'!F90="x",4*'Alle Bauteile'!C90,'Alle Bauteile'!C90)) -> 16 | C69: =IF('Alle Bauteile'!D90="","",'Alle Bauteile'!D90) -> 13.65 | D69: =IF(AND(ISNUMBER(B69),ISNUMBER(C69)),B69*C69,0) -> 218.4 | E69: =IF('Alle Bauteile'!G90="","",'Alle Bauteile'!G90) -> https://www.roboter-bausatz.de/p/btt-tmc2130-v3.0-spi-schrittmotortreiber | F69: identifiziert
A70: Summe Roboter-Bausatz | D70: =SUM(D68:D69) -> 418.2
A72: StepperOnline
A73: ='Alle Bauteile'!A38 -> Schrittmotor NEMA 14 – StepperOnline 14HS13-0804S | B73: =IF('Alle Bauteile'!C38="","",IF('Alle Bauteile'!F38="x",4*'Alle Bauteile'!C38,'Alle Bauteile'!C38)) -> 8 | C73: =IF('Alle Bauteile'!D38="","",'Alle Bauteile'!D38) -> 7.72 | D73: =IF(AND(ISNUMBER(B73),ISNUMBER(C73)),B73*C73,0) -> 61.76 | E73: =IF('Alle Bauteile'!G38="","",'Alle Bauteile'!G38) -> https://www.omc-stepperonline.com/de/nema-14-bipolar-1-8deg-18ncm-25-5oz-in-0-8a-5-74v-35x35x34mm-4-draehte-14hs13-0804s | F73: identifiziert
A74: ='Alle Bauteile'!A48 -> Schrittmotor NEMA 14 – StepperOnline 14HS13-0804S | B74: =IF('Alle Bauteile'!C48="","",IF('Alle Bauteile'!F48="x",4*'Alle Bauteile'!C48,'Alle Bauteile'!C48)) -> 4 | C74: =IF('Alle Bauteile'!D48="","",'Alle Bauteile'!D48) -> 7.72 | D74: =IF(AND(ISNUMBER(B74),ISNUMBER(C74)),B74*C74,0) -> 30.88 | E74: =IF('Alle Bauteile'!G48="","",'Alle Bauteile'!G48) -> https://www.omc-stepperonline.com/de/nema-14-bipolar-1-8deg-18ncm-25-5oz-in-0-8a-5-74v-35x35x34mm-4-draehte-14hs13-0804s | F74: identifiziert
A75: ='Alle Bauteile'!A66 -> Schrittmotor NEMA 14 – StepperOnline 14HS13-0804S | B75: =IF('Alle Bauteile'!C66="","",IF('Alle Bauteile'!F66="x",4*'Alle Bauteile'!C66,'Alle Bauteile'!C66)) -> 4 | C75: =IF('Alle Bauteile'!D66="","",'Alle Bauteile'!D66) -> 7.72 | D75: =IF(AND(ISNUMBER(B75),ISNUMBER(C75)),B75*C75,0) -> 30.88 | E75: =IF('Alle Bauteile'!G66="","",'Alle Bauteile'!G66) -> https://www.omc-stepperonline.com/de/nema-14-bipolar-1-8deg-18ncm-25-5oz-in-0-8a-5-74v-35x35x34mm-4-draehte-14hs13-0804s | F75: identifiziert
A76: Summe StepperOnline | D76: =SUM(D73:D75) -> 123.52
A78: Voelkner
A79: ='Alle Bauteile'!A72 -> USB-Mikroskop Toolcraft 2 MP, 20–200× (Ø33 × 110 mm) | B79: =IF('Alle Bauteile'!C72="","",IF('Alle Bauteile'!F72="x",4*'Alle Bauteile'!C72,'Alle Bauteile'!C72)) -> 4 | C79: =IF('Alle Bauteile'!D72="","",'Alle Bauteile'!D72) -> 57.41 | D79: =IF(AND(ISNUMBER(B79),ISNUMBER(C79)),B79*C79,0) -> 229.64 | E79: =IF('Alle Bauteile'!G72="","",'Alle Bauteile'!G72) -> https://www.voelkner.de/products/1177903/TOOLCRAFT-USB-Mikroskop-2-Megapixel-Digitale-Vergroesserung-max.-200-x.html | F79: identifiziert
A80: Summe Voelkner | D80: =SUM(D79:D79) -> 229.64
A82: igus
A83: ='Alle Bauteile'!A95 -> Energiekette igus E2i.10.20.028.0 (X), 14 Glieder = 0,28 m, inkl. Anschlussset E2.100.20.34PZ.A2 | B83: =IF('Alle Bauteile'!C95="","",IF('Alle Bauteile'!F95="x",4*'Alle Bauteile'!C95,'Alle Bauteile'!C95)) -> 8 | C83: =IF('Alle Bauteile'!D95="","",'Alle Bauteile'!D95) -> 15.8746 | D83: =IF(AND(ISNUMBER(B83),ISNUMBER(C83)),B83*C83,0) -> 126.9968 | E83: =IF('Alle Bauteile'!G95="","",'Alle Bauteile'!G95) -> https://www.igus.de/product/series-E2i-10?artnr=E2I.10.20.028.0 | F83: identifiziert
A84: ='Alle Bauteile'!A96 -> Energiekette igus E2i.10.10.028.0 (Y), 12 Glieder = 0,24 m, inkl. Anschlussset E2.100.10.34PZ.A2 | B84: =IF('Alle Bauteile'!C96="","",IF('Alle Bauteile'!F96="x",4*'Alle Bauteile'!C96,'Alle Bauteile'!C96)) -> 8 | C84: =IF('Alle Bauteile'!D96="","",'Alle Bauteile'!D96) -> 14.0896 | D84: =IF(AND(ISNUMBER(B84),ISNUMBER(C84)),B84*C84,0) -> 112.7168 | E84: =IF('Alle Bauteile'!G96="","",'Alle Bauteile'!G96) -> https://www.igus.de/product/series-E2i-10?artnr=E2i.10.10.028.0 | F84: identifiziert
A85: Summe igus | D85: =SUM(D83:D84) -> 239.7136
A87: ohne Shop (noch offen)
A88: ='Alle Bauteile'!A82 -> Probespitze | B88: =IF('Alle Bauteile'!C82="","",IF('Alle Bauteile'!F82="x",4*'Alle Bauteile'!C82,'Alle Bauteile'!C82)) -> 4 | C88: =IF('Alle Bauteile'!D82="","",'Alle Bauteile'!D82) -> ? | D88: =IF(AND(ISNUMBER(B88),ISNUMBER(C88)),B88*C88,0) -> 0 | E88: =IF('Alle Bauteile'!G82="","",'Alle Bauteile'!G82)
A89: ='Alle Bauteile'!A92 -> Schukokabel | B89: =IF('Alle Bauteile'!C92="","",IF('Alle Bauteile'!F92="x",4*'Alle Bauteile'!C92,'Alle Bauteile'!C92)) | C89: =IF('Alle Bauteile'!D92="","",'Alle Bauteile'!D92) | D89: =IF(AND(ISNUMBER(B89),ISNUMBER(C89)),B89*C89,0) -> 0 | E89: =IF('Alle Bauteile'!G92="","",'Alle Bauteile'!G92)
A90: ='Alle Bauteile'!A93 -> Kabel Probe | B90: =IF('Alle Bauteile'!C93="","",IF('Alle Bauteile'!F93="x",4*'Alle Bauteile'!C93,'Alle Bauteile'!C93)) | C90: =IF('Alle Bauteile'!D93="","",'Alle Bauteile'!D93) | D90: =IF(AND(ISNUMBER(B90),ISNUMBER(C90)),B90*C90,0) -> 0 | E90: =IF('Alle Bauteile'!G93="","",'Alle Bauteile'!G93)
A91: ='Alle Bauteile'!A94 -> Gehäuse für Elektronik | B91: =IF('Alle Bauteile'!C94="","",IF('Alle Bauteile'!F94="x",4*'Alle Bauteile'!C94,'Alle Bauteile'!C94)) | C91: =IF('Alle Bauteile'!D94="","",'Alle Bauteile'!D94) | D91: =IF(AND(ISNUMBER(B91),ISNUMBER(C91)),B91*C91,0) -> 0 | E91: =IF('Alle Bauteile'!G94="","",'Alle Bauteile'!G94)
A92: ='Alle Bauteile'!A97 -> Kabel für Endschalter | B92: =IF('Alle Bauteile'!C97="","",IF('Alle Bauteile'!F97="x",4*'Alle Bauteile'!C97,'Alle Bauteile'!C97)) | C92: =IF('Alle Bauteile'!D97="","",'Alle Bauteile'!D97) | D92: =IF(AND(ISNUMBER(B92),ISNUMBER(C92)),B92*C92,0) -> 0 | E92: =IF('Alle Bauteile'!G97="","",'Alle Bauteile'!G97)
A93: ='Alle Bauteile'!A98 -> Motorkabel | B93: =IF('Alle Bauteile'!C98="","",IF('Alle Bauteile'!F98="x",4*'Alle Bauteile'!C98,'Alle Bauteile'!C98)) | C93: =IF('Alle Bauteile'!D98="","",'Alle Bauteile'!D98) | D93: =IF(AND(ISNUMBER(B93),ISNUMBER(C93)),B93*C93,0) -> 0 | E93: =IF('Alle Bauteile'!G98="","",'Alle Bauteile'!G98)
A94: ='Alle Bauteile'!A138 -> DIN 562 Vierkantmutter flach M3 | B94: =IF('Alle Bauteile'!C138="","",IF('Alle Bauteile'!F138="x",4*'Alle Bauteile'!C138,'Alle Bauteile'!C138)) -> 10 | C94: =IF('Alle Bauteile'!D138="","",'Alle Bauteile'!D138) | D94: =IF(AND(ISNUMBER(B94),ISNUMBER(C94)),B94*C94,0) -> 0 | E94: =IF('Alle Bauteile'!G138="","",'Alle Bauteile'!G138)
A95: ='Alle Bauteile'!A139 -> DIN 562 Vierkantmutter flach M4 | B95: =IF('Alle Bauteile'!C139="","",IF('Alle Bauteile'!F139="x",4*'Alle Bauteile'!C139,'Alle Bauteile'!C139)) -> 14 | C95: =IF('Alle Bauteile'!D139="","",'Alle Bauteile'!D139) | D95: =IF(AND(ISNUMBER(B95),ISNUMBER(C95)),B95*C95,0) -> 0 | E95: =IF('Alle Bauteile'!G139="","",'Alle Bauteile'!G139)
A96: Summe ohne Shop (noch offen) | D96: =SUM(D88:D95) -> 0
A98: Gesamt Vollausbau inkl. MwSt. | D98: =D11+D60+D65+D70+D76+D80+D85+D96 -> 2383.8736
A100: Teil, Menge, Preis und Link kommen aus „Alle Bauteile“. Status hier per Auswahl pflegen: identifiziert → bestellt → geliefert → verbaut.

Sheet zu fertigen
A1: zu fertigen – 3D-Druck, Werkstatt, Leiterplatten (Mengen für Vollausbau, 4 Proben)
A3: Teil | B3: Fertigung | C3: Anzahl | D3: Material | E3: Einbauort | F3: Status
A5: 3D-Druck
A6: base_drag_chain_holder (untere 2 Energieketten-Halter) | B6: 3D-Druck | C6: 2 | D6: PETG | E6: Gestell | F6: identifiziert
A7: base_plate_adapter_1 | B7: 3D-Druck | C7: 2 | D7: PETG | E7: Gestell | F7: identifiziert
A8: base_plate_adapter_2 | B8: 3D-Druck | C8: 2 | D8: PETG | E8: Gestell | F8: identifiziert
A9: base_plate_adapter_left | B9: 3D-Druck | C9: 2 | D9: PETG | E9: Gestell | F9: identifiziert
A10: base_plate_adapter_right | B10: 3D-Druck | C10: 2 | D10: PETG | E10: Gestell | F10: identifiziert
A11: base_cable_holder_m3_flat | B11: 3D-Druck | C11: 2 | D11: PETG | E11: Gestell | F11: identifiziert
A12: base_cable_holder_m4 | B12: 3D-Druck | C12: 1 | D12: PETG | E12: Gestell | F12: identifiziert
A13: base_cable_holder_m5_flat | B13: 3D-Druck | C13: 4 | D13: PETG | E13: Gestell | F13: identifiziert
A14: cable_cover | B14: 3D-Druck | C14: 4 | D14: PETG | E14: Gestell | F14: identifiziert
A15: camera_holder (Übersichtskamera) | B15: 3D-Druck | C15: 1 | D15: PETG | E15: Gestell | F15: identifiziert
A16: camera_holder_top | B16: 3D-Druck | C16: 1 | D16: PETG | E16: Gestell | F16: identifiziert
A17: pcb_holder_glider (PCB-Halter) | B17: 3D-Druck | C17: 4 | D17: PETG | E17: Gestell | F17: identifiziert
... A53: utils_height_leveling_probe_holder | B53: 3D-Druck | C53: 1 | D53: PETG | E53: Hilfsmittel | F53: identifiziert
A55: Werkstatt
A56: Schubladenplatte | B56: Werkstatt | C56: 1 | E56: Gestell | F56: identifiziert
A57: Motorplatte, Stahl gelasert, 5mm | B57: Werkstatt | C57: 2 | D57: Stahl, 5 mm | E57: Gestell | F57: identifiziert
A58: Rückwand base_back_plate | B58: Werkstatt | C58: 1 | E58: Gestell | F58: identifiziert
A59: Seitenplatten, Stahl, gelasert, 5mm | B59: Werkstatt | C59: 8 | D59: Stahl, 5 mm | E59: X-Schlitten inkl. Y-Antrieb / Führung | F59: identifiziert
A60: Bearbeitung: Aluprofil 80x16S Energieketten-Halter, 20 × M3-Gewinde je Profil | B60: Werkstatt | C60: 2 | D60: Alu (DOLD 60886-Z, gekauft) | E60: Gestell | F60: identifiziert
A61: Bearbeitung: x_slide_stiffener_beam (Aluprofil 40x16S, 436 mm) nach Zeichnung | B61: Werkstatt | C61: 4 | D61: Alu (DOLD 60879-Z, gekauft) | E61: X-Schlitten | F61: identifiziert
A63: Leiterplatten (JLCPCB)
A64: Multiplexerboard (signal-multiplexer, Gerber 1.1) | B64: Leiterplatten (JLCPCB) | C64: 1 | D64: FR4, bestückt | E64: Elektronik | F64: identifiziert
A65: Probing-Board (probe_tip_pcb) | B65: Leiterplatten (JLCPCB) | C65: 4 | D65: FR4 | E65: Elektronik | F65: identifiziert
A68: Orange = Anzahl oder Material fehlt noch. Status: identifiziert → in Fertigung → gefertigt → verbaut.
